We at Cogent support NetNeutrality – no blocking or throttling of traffic no PaidPrioritization of traffic full access to all lawful content on the Internet and free flowing interconnection among Internet providers.,BLOCKING,NEGATIVE,Cogent
We at Cogent support NetNeutrality – no blocking or throttling of traffic no PaidPrioritization of traffic full access to all lawful content on the Internet and free flowing interconnection among Internet providers.,SHAPING,NEGATIVE,Cogent
Cogent practices NetNeutrality.,NET_NEUTRAL,POSITIVE,Cogent
We do not prioritize packet transmissions on the basis of the content of the packet the customer or network that is the source of the packet or the customer or network that is the recipient of the packet.,SHAPING,NEGATIVE,
December 1st 2016 Cogent's Schaeffer: NetNeutrality turnback won't impact interconnection agreements with AT&T Charter others - FIERCE TELECOM,FCC_REPEAL,NEUTRAL,Cogent
Cogent a company whose spats with ISPs over blocking traffic has become stuff of legend in the telecom industry says that the FCC’s plan to overturn the 2015 NetNeutrality order is a mistake.,FCC_REPEAL,NEGATIVE,Cogent
“It’s almost a certainty on a 3-2 vote the FCC will decide to negate the principles of NetNeutrality as well as reclassify internet service providers as information services and not as communications services.”,FCC_REPEAL,NEUTRAL,
RELATED: Cogent’s Netcentric business growth at risk from NetNeutrality changes says analyst,FCC_REPEAL,NEGATIVE,Cogent
For Cogent which provides fiber and IP transit services to ISPs and content providers like Netflix the current NetNeutrality rules emerged following battles with eight service providers that would not upgrade their interconnection points.,NET_NEUTRAL,NEUTRAL,Cogent
“The regulatory oversight that was put in place in June 2015 was beneficial to us and it helped us go to a group of 8 ISPs who methodically began blocking their customers’ connectivity to the internet by refusing the upgrade the interconnection points” Schaeffer said.,FCC_REPEAL,NEGATIVE,Cogent
Cogent is seeing overall traffic rising in its Netcentric business—the unit that sells connectivity to content providers and other wholesale customers—but potential changes in NetNeutrality rules could cause headwinds in the near term.,FCC_REPEAL,NEGATIVE,Cogent
Wells Fargo said in a recent research note that while Netcentric is growing FCC Chairman Ajit Pai’s commitment to realigning NetNeutrality rules might dissuade content provider customers from aggressively rolling out new products.,FCC_REPEAL,NEGATIVE,Cogent
“While some recent trends suggest it's modestly improving we believe the regulatory uncertainty around NetNeutrality/TitleII could inhibit new application development from its content customers.,FCC_REPEAL,NEUTRAL,
RELATED: Cogent’s Schaeffer: NetCentric customers’ NetNeutrality concerns are temporary,NET_NEUTRAL,NEUTRAL,Cogent
The FCC may have to soon consider the first disputes under its new NetNeutrality regulations starting with a fight over Internet congestion and online video.,FCC_REPEAL,NEUTRAL,
NetNeutrality has traditionally referred to the principle that Internet providers shouldn't block or manipulate traffic once it's on their networks.,NET_NEUTRAL,NEUTRAL,
Netflix Cogent and Level 3 all lobbied the FCC to include the interconnection issue as part of its NetNeutrality rules.,NET_NEUTRAL,POSITIVE,Netflix Cogent Level3
"The FCC ultimately decided that interconnection is outside the core of the regulations which bar providers from blocking content throttling traffic or creating special ""fast lanes"" for sites that pay.",NET_NEUTRAL,NEUTRAL,
Matt Wood the policy director of Free Press an advocacy group that fought for strong NetNeutrality regulations said the FCC should consider the complaints based on the exact circumstances in each case.,FCC_REPEAL,NEGATIVE,
"But trying to then classify it as a 'NetNeutrality' argument—that's just disingenuous.""",NET_NEUTRAL,NEUTRAL,
Fees – NetNeutrality,NET_NEUTRAL,NEUTRAL,
Carrier neutral data center buildings,NET_NEUTRAL,POSITIVE,
Numerous factors could cause or contribute to such differences including future economic instability in the global economy or a contraction of the capital markets which could affect spending on Internet services and our ability to engage in financing activities; the impact of changing foreign exchange rates (in particular the Euro to USD and Canadian dollar to USD exchange rates) on the translation of our non-USD denominated revenues expenses assets and liabilities; legal and operational difficulties in new markets; the imposition of a requirement that we contribute to the US Universal Service Fund on the basis of our Internet revenue; changes in government policy and/or regulation including NetNeutrality rules  by the United States FCC and in the area of data protection; increasing competition leading to lower prices for our services; our ability to attract new customers and to increase and maintain the volume of traffic on our network; the ability to maintain our Internet peering arrangements on favorable terms; our reliance on an equipment vendor Cisco Systems Inc. and the potential for hardware or software problems associated with such equipment; the dependence of our network on the quality and dependability of third-party fiber providers; our ability to retain certain customers that comprise a significant portion of our revenue base; the management of network failures and/or disruptions; and outcomes in litigation as well as other risks discussed from time to time in our filings with the Securities and Exchange Commission including without limitation our report on Form 10-Q  for the quarter ended March 31 2019 to be filed with the Securities and Exchange Commission.,FCC_REPEAL,NEGATIVE,Cogent
Numerous factors could cause or contribute to such differences including among others future economic instability in the global economy which could affect spending on Internet services; the impact of changing foreign exchange rates (in particular the Euro to US dollar and Canadian dollar to US dollar exchange rates) on the translation of Cogent Communications’ non-US dollar denominated revenues expenses assets and liabilities; legal and operational difficulties in new markets; the imposition of a requirement that we contribute to the United States Universal Service Fund on the basis of Cogent Communications’ Internet revenue; changes in government policy and/or regulation including rules regarding data protection cyber security and NetNeutrality; increasing competition leading to lower prices for Cogent Communications’ services; Cogent Communications’ ability to attract new customers and to increase and maintain the volume of traffic on its network; the ability to maintain Cogent Communications’ Internet peering arrangements on favorable terms; Cogent Communications’ ability to renew its long-term leases of optical fiber that comprise its network; Cogent Communications’ reliance on an equipment vendor Cisco Systems Inc. and the potential for hardware or software problems associated with such equipment; the dependence of Cogent Communications’ network on the quality and dependability of third-party fiber providers; Cogent Communications’ ability to retain certain customers that comprise a significant portion of its revenue base; the management of network failures and/or disruptions; outcomes in litigation; and risks related to the offering of the Notes including that such transaction may not be consummated as well as other risks discussed from time to time in Cogent Communications’ filings with the Securities and Exchange Commission including without limitation Cogent Communications’ Annual Report on Form 10-K for the fiscal year ended December 31 2018 and Cogent Communications’ Quarterly Report on Form 10-Q for the quarter ended March 31 2019.,FCC_REPEAL,NEGATIVE,Cogent
Last month California State Senator Scott Wiener introduced bill SB-822 which would extend NetNeutrality protections throughout the state and strike a major blow to the FCC and its chairman Ajit Pai.,FCC_REPEAL,NEGATIVE,
"""Free and OpenInternet is critical to our democracy"" Wiener said flanked by Stanford professor Barbra van Schewick and Cogent Communications CEO Dan Schaeffer.",NET_NEUTRAL,POSITIVE,Cogent
"While defending the bill Schaeffer accused Devine and AT&T of intentionally blocking traffic saying ""They had an interconnection agreement with Cogent  they violated...when they felt they could.",BLOCKING,POSITIVE,AT&T
"They’re trying to block their customer’s full access to the internet and forcing large-content providers to enter into direct connection agreements that are at higher prices than the competitive market allows and they can do that because of their monopoly relationship with their customer.""",BLOCKING,POSITIVE,
How the NetNeutrality debate has jostled the stock price of one keeper of the pipes.,NET_NEUTRAL,NEUTRAL,
Netflix may have been one of NetNeutrality’s staunchest supporters but the online video company said it is not concerned about the new FCC leadership's intentions to overturn the rules.,NET_NEUTRAL,POSITIVE,Netflix
Netflix may have been one of NetNeutrality’s staunchest supporters but the online video company said it is not concerned about the new FCC leadership's intentions to overturn the rules.,FCC_REPEAL,NEUTRAL,Netflix
Pai who has advocated for a lighter touch regulatory approach has set his key issue around finding a way to overturn the NetNeutrality rules.,FCC_REPEAL,POSITIVE,FCC
Following its recent quarterly results Netflix said in a recent letter to shareholders (PDF) that its well established relationships with all of the major ISPs means a change in NetNeutrality won't likely impact their earnings or the user experience.,FCC_REPEAL,NEUTRAL,Netflix
“Weakening of U.S. NetNeutrality laws should that occur is unlikely to materially affect our domestic margins or service quality because we are now popular enough with consumers to keep our relationships with ISPs stable” Netflix said.,FCC_REPEAL,NEUTRAL,Netflix
Under the FCC’s current NetNeutrality rules ISPs are barred from blocking or throttling traffic from other websites or letting certain web application providers pay for priority treatment.,NET_NEUTRAL,NEUTRAL,
Still Netflix said that it will continue to support NetNeutrality as it will help foster innovation by emerging players in the online video and broader internet application space.,NET_NEUTRAL,POSITIVE,Netflix
“On a public policy basis however strong NetNeutrality is important to support innovation and smaller firms” Netflix said.,NET_NEUTRAL,POSITIVE,Netflix
We hope the new U.S. administration and Congress will recognize that keeping the NetNeutral drives job growth and innovation.”,NET_NEUTRAL,POSITIVE,
Analysts said that even though Netflix may be saying they are not worried about a potential overturn in NetNeutrality their customers could see issues in bandwidth allocation as they migrate to 4K quality video.,FCC_REPEAL,NEGATIVE,Netflix
"“Basically Netflix is saying they are 'too big to throttle'"" said Joel Espelien senior analyst for TDG Research in an e-mail to FierceOnlineVideo.",SHAPING,NEUTRAL,Netflix
“If broadband providers noticeably throttled Netflix data and produced a bad experience you can be certain that Netflix will be quick to point out the broadband providers that are doing so encouraging their millions of subscribers to switch to cooperative broadband companies” Sappington said.,SHAPING,NEGATIVE,Netflix
"Although the FCC did not bar interconnection payments the regulator developed a process (PDF) under the NetNeutrality rules that allows OTT video providers to question whether an ISP’s payment request is ""unjust"" or ""unreasonable.""",SHAPING,NEUTRAL,
Cogent told investors in December that it won’t see any impact on the interconnection agreements it has with its ISP partners like AT&T and Comcast if the NetNeutrality rules are overturned by the new administration.,FCC_REPEAL,NEUTRAL,Cogent
NetNeutrality or simply NetNeutrality is the principle that Internet service providers (ISPs) must treat all Internet communications equally and not discriminate or charge differently based on user content website platform application type of equipment source address destination address or method of communication.,NET_NEUTRAL,NEUTRAL,
With NetNeutrality ISPs may not intentionally block slow down or charge money for specific online content.,BLOCKING,NEUTRAL,
With NetNeutrality ISPs may not intentionally block slow down or charge money for specific online content.,SHAPING,NEUTRAL,
Without NetNeutrality ISPs may prioritize certain types of traffic meter others or potentially block traffic from specific services while charging consumers for various tiers of service.,BLOCKING,NEUTRAL,
Without NetNeutrality ISPs may prioritize certain types of traffic meter others or potentially block traffic from specific services while charging consumers for various tiers of service.,SHAPING,NEUTRAL,
"NetNeutrality regulations may be referred to as ""common carrier"" regulations.",NET_NEUTRAL,NEUTRAL,
NetNeutrality does not block all abilities that Internet service providers have to impact their customers' services.,NET_NEUTRAL,NEUTRAL,
Research suggests that a combination of policy instruments will help realize the range of valued political and economic objectives central to the NetNeutrality debate.,NET_NEUTRAL,NEUTRAL,
Proponents of NetNeutrality which include computer science experts consumer advocates human rights organizations and Internet content providers claim that NetNeutrality helps to provide freedom of information exchange promotes competition and innovation for Internet services and upholds standardization of Internet data transmission which was essential for its growth.,NET_NEUTRAL,POSITIVE,
Opponents of NetNeutrality which include ISPs and telecom equipment manufacturers assert that NetNeutrality requirements would reduce their incentive to build out the Internet reduces competition in the marketplace and may raise their operating costs which they would have to pass along to their users.,NET_NEUTRAL,NEGATIVE,
NetNeutrality is administrated on a national or regional basis  though much of the world's focus has been on the conflict over NetNeutrality in the United States.,NET_NEUTRAL,NEUTRAL,
NetNeutrality in the United States has been a topic since the early 1990s as they were one of the world leaders in online service providing.,NET_NEUTRAL,NEUTRAL,
NetNeutrality is the principle that all Internet traffic should be treated equally.,NET_NEUTRAL,NEUTRAL,
According to Columbia Law School professor Tim Wu the best way to explain NetNeutrality is that a public information network will be most useful if all content websites and platforms (e.g. mobile devices video game consoles etc.),NET_NEUTRAL,NEUTRAL,
NetNeutrality is the principle that an internet service provider (ISP) has to provide access to all sites content and applications at the same speed under the same conditions without blocking or preferencing any content.,NET_NEUTRAL,NEUTRAL,
Under NetNeutrality whether you connect to Netflix Internet Archive or a friend's blog your ISP has to treat them all the same.,NET_NEUTRAL,NEUTRAL,
A more detailed proposed definition of technical and service NetNeutrality suggests that service NetNeutrality is the loyalty to the paradigm that operation of a service at a certain layer is not influenced by any data other than the data interpreted at that layer and in accordance with the protocol specification for that layer.,NET_NEUTRAL,NEUTRAL,
Applicable concepts include: NetNeutrality open standards transparency lack of Internet censorship and low barriers to entry.,NET_NEUTRAL,NEUTRAL,
"Proponents of NetNeutrality see this as an important component of an ""OpenInternet"" wherein policies such as equal treatment of data and open web standards allow those using the Internet to easily communicate and conduct business and activities without interference from a third party.",NET_NEUTRAL,POSITIVE,
Some countries such as Thailand block certain websites or types of sites and monitor and/or censor Internet use using Internet police a specialized type of law enforcement or secret police.,BLOCKING,POSITIVE,
Because the end-to-end principle is one of the central design principles of the Internet and because the practical means for implementing data discrimination violate the end-to-end principle the principle often enters discussions about NetNeutrality.,NET_NEUTRAL,NEUTRAL,
The end-to-end principle is closely related and sometimes seen as a direct precursor to the principle of NetNeutrality.,NET_NEUTRAL,NEUTRAL,
During a natural disaster for example most users will get a circuit busy signal if they try to make a call as the phone company prioritizes emergency calls.,SHAPING,POSITIVE,
Device neutrality is the principle that in order to ensure freedom of choice and freedom of communication for users of network-connected devices it is not sufficient that network operators do not interfere with their choices and activities; users must be free to use applications of their choice and hence remove the applications they do not want.,NET_NEUTRAL,NEUTRAL,
It can be defined with the following analogy to NetNeutrality:,NET_NEUTRAL,NEUTRAL,
NetNeutrality: Neutrality principles are codified ex-ante and a judicial route is available for redress.,NET_NEUTRAL,NEUTRAL,
Device neutrality: Similarly neutrality principles are codified ex-ante and avail judicial remedies.,NET_NEUTRAL,NEUTRAL,
Device vendors can establish policies for managing applications but they too must be applied neutrally.,NET_NEUTRAL,NEUTRAL,
An unsuccessful bill to enforce network and device neutrality was introduced in Italy in 2015 by Hon.,NET_NEUTRAL,POSITIVE,
Discrimination by protocol is the favouring or blocking information based on aspects of the communications protocol that the computers are using to communicate.,BLOCKING,NEUTRAL,
Discrimination by protocol is the favouring or blocking information based on aspects of the communications protocol that the computers are using to communicate.,SHAPING,NEUTRAL,
During the 1990s creating a non-neutral Internet was technically infeasible.,NET_NEUTRAL,NEUTRAL,
Some also thought that Orange's rival ISP Free throttled YouTube traffic.,SHAPING,POSITIVE,Free
Proponents of NetNeutrality argue that without new regulations Internet service providers would be able to profit from and favor their own private protocols over others.,NET_NEUTRAL,POSITIVE,
"Comcast denied that this infringed on NetNeutrality principles since ""it runs its Xfinity for Xbox service on its own private Internet protocol network"".",NET_NEUTRAL,POSITIVE,Comcast
There is disagreement about whether peering is a NetNeutrality issue.,NET_NEUTRAL,NEUTRAL,
Pro-NetNeutrality arguments have also noted that regulations are also necessary due to research that has shown low-tolerance to slow-loading content providers.,NET_NEUTRAL,POSITIVE,
"Legal enforcement of NetNeutrality principles takes a variety of forms from provisions that outlaw anti-competitive blocking and ""throttling"" of Internet services all the way to legal enforcement that prevents companies from subsidizing Internet use on particular sites.",BLOCKING,NEGATIVE,
"Legal enforcement of NetNeutrality principles takes a variety of forms from provisions that outlaw anti-competitive blocking and ""throttling"" of Internet services all the way to legal enforcement that prevents companies from subsidizing Internet use on particular sites.",SHAPING,NEGATIVE,
Contrary to popular rhetoric and statements by various individuals involved in the ongoing academic debate research suggests that a single policy instrument (such as a no-blocking policy or a quality of service tiering policy) cannot achieve the range of valued political and economic objectives central to the debate.,BLOCKING,NEGATIVE,
Governments of countries which comment on NetNeutrality usually support the concept.,NET_NEUTRAL,POSITIVE,
NetNeutrality in the United States has been a point of conflict between network users and service providers since the 1990s.,NET_NEUTRAL,NEUTRAL,
Much of the conflict over NetNeutrality arises from how Internet services are classified by the FCC (FCC) under authority of the Communications Act of 1934.,NET_NEUTRAL,NEUTRAL,
Through 2017 the FCC has generally been favorable towards NetNeutrality treating ISPs under TitleII common carrier.,NET_NEUTRAL,POSITIVE,
With the onset of the Presidency of Donald Trump in 2017 and the appointment of Ajit Pai an opponent of NetNeutrality to the chairman of the FCC the FCC has reversed many previous NetNeutrality rulings and reclassified Internet services as Title I information services.,FCC_REPEAL,NEUTRAL,
The FCC's decisions have been a matter of several ongoing legal challenges by both states supporting NetNeutrality and ISPs challenging it.,FCC_REPEAL,NEUTRAL,
The United States Congress has attempted to pass legislation supporting NetNeutrality but have failed to gain sufficient support.,NET_NEUTRAL,POSITIVE,
Individual states have been trying to pass legislation to make NetNeutrality a requirement within their state overriding the FCC's decision .,NET_NEUTRAL,POSITIVE,
California has successfully passed its own NetNeutrality act which the United States Department of Justice is challenging on a legal basis.,NET_NEUTRAL,POSITIVE,
NetNeutrality in Canada is a debated issue in that nation but not to the degree of partisanship in other nations such as the United States in part because of its federal regulatory structure and pre-existing supportive laws that were enacted decades before the debate arose.,NET_NEUTRAL,NEUTRAL,
In Canada Internet service providers (ISPs) generally provide Internet service in a neutral manner.,NET_NEUTRAL,POSITIVE,
In the year 2018 the Indian Government unanimously approved new regulations supporting NetNeutrality.,NET_NEUTRAL,POSITIVE,
"The regulations are considered to be the ""world's strongest"" NetNeutrality rules guaranteeing free and OpenInternet for nearly half a billion people and are expected to help the culture of startups and innovation.",NET_NEUTRAL,POSITIVE,
Proponents of NetNeutrality regulations include consumer advocates human rights organizations such as Article 19 online companies and some technology companies.,NET_NEUTRAL,POSITIVE,
Many major Internet application companies are advocates of neutrality.,NET_NEUTRAL,POSITIVE,
Yahoo! Vonage eBay Amazon IAC/InterActiveCorp Microsoft Reddit Twitter Tumblr Etsy Daily Kos Greenpeace along with many other companies and organizations have also taken a stance in support of NetNeutrality.,NET_NEUTRAL,POSITIVE,Yahoo Vonage eBary Amazon InterActiveCorp Microsoft Reddit Twitter Tumblr Etsy Daily Kos Greenpeace
Cogent Communications an international Internet service provider has made an announcement in favor of certain NetNeutrality policies.,NET_NEUTRAL,POSITIVE,Cogent
However Google's support of NetNeutrality was called into question in 2014.,NET_NEUTRAL,NEGATIVE,Google
Several civil rights groups such as the ACLU the Electronic Frontier Foundation Free Press and Fight for the Future support NetNeutrality.,NET_NEUTRAL,POSITIVE,
Individuals who support NetNeutrality include World Wide Web inventor Tim Berners-Lee Vinton Cerf Lawrence Lessig Robert W. McChesney Steve Wozniak Susan P. Crawford Marvin Ammori Ben Scott David Reed and former U.S. President Barack Obama.,NET_NEUTRAL,POSITIVE,
On 10 November 2014 Obama recommended that the FCC reclassify broadband Internet service as a telecommunications service in order to preserve NetNeutrality.,NET_NEUTRAL,POSITIVE,
"On 12 November 2014 AT&T stopped build-out of their fiber network until it has ""solid NetNeutrality rules to follow"".",NET_NEUTRAL,NEUTRAL,
Supporters of NetNeutrality in the United States want to designate cable companies as common carriers which would require them to allow Internet service providers (ISPs) free access to cable lines the same model used for dial-up Internet.,NET_NEUTRAL,NEUTRAL,
Common carrier status would give the FCC the power to enforce NetNeutrality rules.,NET_NEUTRAL,NEUTRAL,
According to SaveTheInternet.com these companies want to charge content providers who require guaranteed speedy data delivery – to create advantages for their own search engines Internet phone services and streaming video services – and slowing access or blocking access to those of competitors.,SHAPING,POSITIVE,
Proponents of NetNeutrality argue that a neutral net will foster free speech and lead to further democratic participation on the Internet.,NET_NEUTRAL,POSITIVE,
"He calls NetNeutrality the ""First Amendment issue of our time"".",NET_NEUTRAL,NEUTRAL,
The past two decades has been an on going battle of ensuring that all people and websites have equal access to an unrestricted platform regardless of their ability to pay proponents of NetNeutrality wish to prevent the need to pay for speech and the further centralization of media power.,NET_NEUTRAL,POSITIVE,
Lawrence Lessig and Robert W. McChesney argue that NetNeutrality ensures that the Internet remains a free and open technology fostering democratic communication.,NET_NEUTRAL,NEUTRAL,
Proponents of NetNeutrality invoke the human psychological process of adaptation where when people get used to something better they would not ever want to go back to something worse.,NET_NEUTRAL,POSITIVE,
Video providers Netflix and Vimeo in their comments to FCC in favor of NetNeutrality use the research of S.S. Krishnan and Ramesh Sitaraman that provides the first quantitative evidence of adaptation to speed among online video users.,NET_NEUTRAL,POSITIVE,Netflix Vimeo
NetNeutrality advocates argue that allowing cable companies the right to demand a toll to guarantee quality or premium delivery would create an exploitative business model based on the ISPs position as gatekeepers.,SHAPING,NEGATIVE,
Advocates warn that by charging websites for access network owners may be able to block competitor Web sites and services as well as refuse access to those unable to pay.,BLOCKING,NEGATIVE,
Proponents of NetNeutrality argue that allowing for preferential treatment of Internet traffic or tiered service would put newer online companies at a disadvantage and slow innovation in online services.,SHAPING,NEGATIVE,
Tim Wu argues that without NetNeutrality the Internet will undergo a transformation from a market ruled by innovation to one ruled by deal-making.,NET_NEUTRAL,POSITIVE,
SaveTheInternet.com argues that NetNeutrality puts everyone on equal terms which helps drive innovation.,NET_NEUTRAL,POSITIVE,
Lawrence Lessig and Robert W. McChesney argue that eliminating NetNeutrality would lead to the Internet resembling the world of cable TV so that access to and distribution of content would be managed by a handful of massive near monopolistic companies though there are multiple service providers in each region.,NET_NEUTRAL,POSITIVE,
This was possible because the protections of NetNeutrality ensured limited control by owners of the networks maximal competition in this space and permitted innovators from outside access to the network.,NET_NEUTRAL,NEUTRAL,
Internet content was guaranteed a free and highly competitive space by the existence of NetNeutrality.,NET_NEUTRAL,NEUTRAL,
NetNeutrality advocates have sponsored legislation claiming that authorizing incumbent network providers to override transport and application layer separation on the Internet would signal the decline of fundamental Internet standards and international consensus authority.,NET_NEUTRAL,POSITIVE,
Alok Bhardwaj founder of Epic Privacy Browser argues that any violations to NetNeutrality realistically speaking will not involve genuine investment but rather payoffs for unnecessary and dubious services.,NET_NEUTRAL,NEUTRAL,
Rather he believes that non-NetNeutrality will involve leveraging quality of service to extract remuneration from websites that want to avoid being slowed down.,NET_NEUTRAL,NEUTRAL,
Some advocates say NetNeutrality is needed in order to maintain the end-to-end principle.,NET_NEUTRAL,POSITIVE,
According to Lawrence Lessig and Robert W. McChesney all content must be treated the same and must move at the same speed in order for NetNeutrality to be true.,NET_NEUTRAL,POSITIVE,
Under this principle a neutral network is a dumb network merely passing packets regardless of the applications they support.,NET_NEUTRAL,NEUTRAL,
Opponents of NetNeutrality regulations include Internet service providers (ISPs) broadband and telecommunications companies computer hardware manufacturers economists and notable technologists.,NET_NEUTRAL,NEGATIVE,
"Nobel Memorial Prize-winning economist Gary Becker's paper titled ""NetNeutrality and Consumer Welfare"" published by the Journal of Competition Law & Economics argues that claims by NetNeutrality proponents ""do not provide a compelling rationale for regulation"" because there is ""significant and growing competition"" among broadband access providers.",NET_NEUTRAL,NEGATIVE,
According to the Journal when President Barack Obama announced his support for strong NetNeutrality rules late in 2014 Schmidt told a top White House official the president was making a mistake.,NET_NEUTRAL,NEGATIVE,
"Google once strongly advocated net-neutrality–like rules prior to 2010 but their support for the rules has since diminished; the company however still remains ""committed"" to NetNeutrality.",NET_NEUTRAL,POSITIVE,Google
"Individuals who oppose NetNeutrality rules include TCP/IP inventor Bob Kahn Netscape founder Marc Andreessen Sun Microsystems founder Scott McNealy PayPal founders Peter Thiel and Max Levchin ""Grandfather of the Internet"" David Farber Internet pioneer David Clark packet switching pioneer Louis Pouzin MIT Media Lab founder Nicholas Negroponte Nokia's CEO Rajeev Suri VOIP pioneer Jeff Pulver entrepreneur Mark Cuban and FCC Chairman Ajit Pai.",NET_NEUTRAL,NEGATIVE,
Nobel Prize laureate economists who oppose NetNeutrality rules include Princeton economist Angus Deaton Chicago economist Richard Thaler MIT economist Bengt Holmström and the late Chicago economist Gary Becker.,NET_NEUTRAL,NEGATIVE,
Several civil rights groups such as the National Urban League Jesse Jackson's Rainbow/PUSH and League of United Latin American Citizens also oppose TitleII NetNeutrality regulations who said that the call to regulate broadband Internet service as a utility would harm minority communities by stifling investment in underserved areas.,NET_NEUTRAL,NEGATIVE,
"The Wikimedia Foundation which runs Wikipedia told the Washington Post that it has a ""complicated relationship"" with NetNeutrality.",NET_NEUTRAL,NEUTRAL,
"Said Wikimedia Foundation officer Gayle Karen Young ""Partnering with telecom companies in the near term it blurs the NetNeutrality line in those areas.",NET_NEUTRAL,NEUTRAL,
"Robert Pepper a senior managing director global advanced technology policy at Cisco Systems and former FCC chief of policy development says: ""The supporters of NetNeutrality regulation believe that more rules are necessary.",NET_NEUTRAL,NEUTRAL,
Computer scientist Bob Kahn has said NetNeutrality is a slogan that would freeze innovation in the core of the Internet.,NET_NEUTRAL,NEGATIVE,
He joined academic colleagues Michael Katz Christopher Yoo and Gerald Faulhaber in an op-ed for the Washington Post strongly critical of NetNeutrality essentially stating that while the Internet is in need of remodeling congressional action aimed at protecting the best parts of the current Internet could interfere with efforts to build a replacement.,NET_NEUTRAL,NEGATIVE,
""" According to the Wall Street Journal in one of Google's few lobbying sessions with FCC officials the company urged the agency to craft rules that encourage investment in broadband Internet networks—a position that mirrors the argument made by opponents of strong NetNeutrality rules such as AT&T and Comcast.",NET_NEUTRAL,NEGATIVE,AT&T Comcast
Opponents of NetNeutrality argue that prioritization of bandwidth is necessary for future innovation on the Internet.,SHAPING,POSITIVE,
Opponents say that NetNeutrality would make it more difficult for Internet service providers (ISPs) and other network operators to recoup their investments in broadband networks.,NET_NEUTRAL,NEGATIVE,
"Marc Andreessen states that ""a pure NetNeutrality view is difficult to sustain if you also want to have continued investment in broadband networks.",NET_NEUTRAL,NEGATIVE,
If you have these pure NetNeutrality rules where you can never charge a company like Netflix anything you're not ever going to get a return on continued network investment — which means you'll stop investing in the network.,NET_NEUTRAL,NEGATIVE,
Proponents of NetNeutrality regulations say network operators have continued to under-invest in infrastructure.,NET_NEUTRAL,POSITIVE,
"A 2010 paper on NetNeutrality by Nobel Prize economist Gary Becker and his colleagues stated that ""there is significant and growing competition among broadband access providers and that few significant competitive problems have been observed to date suggesting that there is no compelling competitive rationale for such regulation"".",NET_NEUTRAL,NEGATIVE,
When FCC Chairman Tom Wheeler redefined broadband from 4 Mbit/s to 25 Mbit/s (3.125 MB/s) or greater in January 2015 FCC commissioners Ajit Pai and Mike O'Reilly believed the redefinition was to set up the agency's intent to settle the NetNeutrality fight with new regulations.,NET_NEUTRAL,NEUTRAL,
The commissioners argued that the stricter speed guidelines painted the broadband industry as less competitive justifying the FCC's moves with TitleII NetNeutrality regulations.,NET_NEUTRAL,POSITIVE,
Those in favor of forms of non-neutral tiered Internet access argue that the Internet is already not a level playing field that large companies achieve a performance advantage over smaller competitors by providing more and better-quality servers and buying high-bandwidth services.,NET_NEUTRAL,NEGATIVE,
Should scrapping of NetNeutrality regulations precipitate a price drop for lower levels of access or access to only certain protocols for instance such would make Internet usage more adaptable to the needs of those individuals and corporations who specifically seek differentiated tiers of service.,NET_NEUTRAL,NEUTRAL,
This system which Google calls broadband neutrality actually preserves a more fundamental inequality.,NET_NEUTRAL,POSITIVE,
"NetNeutrality proponent Free Press writes""the average potential increase in taxes and fees per household would be far less"" than the estimate given by NetNeutrality opponents and that if there were to be additional taxes the tax figure may be around US$4 billion.",NET_NEUTRAL,POSITIVE,
"According to PayPal founder and Facebook investor Peter Thiel in 2011 ""NetNeutrality has not been necessary to date.",NET_NEUTRAL,NEGATIVE,PayPal
"FCC Commissioner Ajit Pai who was one of the two commissioners who opposed the NetNeutrality proposal criticized the FCC's ruling on NetNeutrality stating that the perceived threats from ISPs to deceive consumers degrade content or disfavor the content that they dislike are non-existent: ""The evidence of these continuing threats?",NET_NEUTRAL,NEGATIVE,
A small ISP in North Carolina allegedly blocked VoIP calls a decade ago.,BLOCKING,POSITIVE,
Examples this picayune and stale aren't enough to tell a coherent story about NetNeutrality.,NET_NEUTRAL,NEUTRAL,
""" FCC Commissioner Mike O'Reilly the other opposing commissioner also claims that the ruling is a solution to a hypothetical problem ""Even after enduring three weeks of spin it is hard for me to believe that the Commission is establishing an entire TitleII/NetNeutrality regime to protect against hypothetical harms.",NET_NEUTRAL,NEGATIVE,
Opponents argue that NetNeutrality regulations prevent service providers from providing more affordable Internet access to those who can't afford it.,NET_NEUTRAL,NEGATIVE,
"A concept known as ""zero-rating"" ISPs would be unable to provide Internet access for free or at a reduced cost to the poor under NetNeutrality rules.",NET_NEUTRAL,NEGATIVE,
However the practice violates NetNeutrality rules as traffic would have to be treated equally regardless of the users' ability to pay.,SHAPING,NEGATIVE,
In 2014 Chile banned the practice of Internet service providers giving users free access to websites like Wikipedia and Facebook saying the practice violates NetNeutrality rules.,NET_NEUTRAL,POSITIVE,Country:Chile
In 2016 India banned Internet.org's Free Basics application which provides users in less developed countries with free access to a variety of websites like Wikipedia BBC Dictionary.com health sites Facebook ESPN and weather reports—ruling that the initiative violated NetNeutrality.,NET_NEUTRAL,POSITIVE,Country:India
NetNeutrality rules would prevent traffic from being allocated to the most needed users according to Internet Pioneer David Farber.,NET_NEUTRAL,NEGATIVE,
Because NetNeutrality regulations prevent a discrimination of traffic networks would have to treat critical traffic equally with non-critical traffic.,NET_NEUTRAL,NEUTRAL,
Tim Wu though a proponent of NetNeutrality claims that the current Internet is not neutral as its implementation of best effort generally favors file transfer and other non-time-sensitive traffic over real-time communications.,NET_NEUTRAL,POSITIVE,
Generally a network which blocks some nodes or services for the customers of the network would normally be expected to be less useful to the customers than one that did not.,BLOCKING,NEUTRAL,
Therefore for a network to remain significantly non-neutral requires either that the customers not be concerned about the particular non-neutralities or the customers not have any meaningful choice of providers otherwise they would presumably switch to another provider with fewer restrictions.,NET_NEUTRAL,NEUTRAL,
While the NetNeutrality debate continues network providers often enter into peering arrangements among themselves.,NET_NEUTRAL,NEUTRAL,
In addition network providers often implement various policies such as blocking of port 25 to prevent insecure systems from serving as spam relays or other ports commonly used by decentralized music search applications implementing peer-to-peer networking models.,BLOCKING,POSITIVE,
The MIT Mantid Port Blocking Measurement Project is a measurement effort to characterize Internet port blocking and potentially discriminatory practices.,BLOCKING,NEUTRAL,
"Google Chairman Eric Schmidt aligns Google's views on data discrimination with Verizon's: ""I want to be clear what we mean by NetNeutrality: What we mean is if you have one data type like video you don't discriminate against one person's video in favor of another.",BLOCKING SHAPING,NEGATIVE,Google Verizon
So you could prioritize voice over video.,SHAPING,POSITIVE,
IPTV networks are isolated from the Internet and are therefore not covered by NetNeutrality agreements.,NET_NEUTRAL,NEUTRAL,
Advocates of NetNeutrality have proposed several methods to implement a net neutral Internet that includes a notion of quality-of-service:,NET_NEUTRAL,POSITIVE,
Founder of Epic Privacy Browser Alok Bhardwaj has argued that NetNeutrality preservation through legislation is consistent with implementing quality of service protocols.,NET_NEUTRAL,NEUTRAL,
He argues legislation should ban the charging of fees for any quality of service which would both allow networks to implement quality of service as well as remove any incentive to abuse NetNeutrality ideas.,SHAPING,NEUTRAL,
There are also some discrepancies in how wireless networks affect the implementation of NetNeutrality policy some of which are noted in the studies of Christopher Yoo.,NET_NEUTRAL,NEUTRAL,
But while NetNeutrality is primarily focused on protocol based provisioning most of the pricing models are based on bandwidth restrictions.,SHAPING,NEUTRAL,
On July 12 2017 an event called the Day of Action was held to advocate NetNeutrality in the United States in response to Ajit Pai's plans to remove government policies that upheld NetNeutrality.,FCC_REPEAL,NEGATIVE,
Reddit made a pop-up message that loads slowly to illustrate the effect of removing NetNeutrality.,NET_NEUTRAL,POSITIVE,Reddit
A poll conducted by Mozilla showed strong support for NetNeutrality across US political parties.,NET_NEUTRAL,POSITIVE,
Out of the approximately 1000 responses received by the poll 76% of Americans 81% of Democrats and 73% of Republicans support NetNeutrality.,NET_NEUTRAL,POSITIVE,
NetNeutrality supporters had also made several comments on the FCC website opposing plans to remove NetNeutrality especially after a segment by John Oliver regarding this topic was aired on his show Last Week Tonight.,FCC_REPEAL,NEGATIVE,
However in response Ajit Pai selected one particular comment that specifically supported removal of NetNeutrality policies.,FCC_REPEAL,POSITIVE,
At the end of August the FCC released more than 13000 pages of NetNeutrality complaints filed by consumers yet it was released one day before the deadline for the public to comment on Ajit Pai's proposal to remove NetNeutrality.,FCC_REPEAL,NEUTRAL,
The Congressional Review Act paperwork was filed on May 9 2018 which allowed the Senate to vote on the permanence of the new NetNeutrality rules proposed by the FCC.,FCC_REPEAL,NEUTRAL,
The vote passed and a resolution was approved to try and remove the FCC's new rules on NetNeutrality; however officials doubt there is enough time to completely repeal the rules before the OpenInternet Order officially expired on June 11 2018.,FCC_REPEAL,NEUTRAL,
In March 2019 congressional supporters of NetNeutrality introduced the Save the Internet Act in both the House and Senate which if passed would reverse the FCC's 2017 repeal of NetNeutrality protections.,FCC_REPEAL,NEGATIVE,
The ISPs have replied that Netflix doesn’t have proof of inappropriate activity—and regardless it’s not its business what goes on: “Internet interconnection has nothing to do with NetNeutrality” cable TV and internet provider Comcast notes in a recent rebuttal of Netflix criticism.,NET_NEUTRAL,NEUTRAL,Comcast
Comcast is right that the generally accepted standard of NetNeutrality hasn’t gone beyond the last mile.,NET_NEUTRAL,NEUTRAL,Comcast
It’s far from a full embrace of so-called “strong NetNeutrality”—expanding the definition to include neutral data treatment on the rest of the internet—and it could even backfire for Netflix if the FCC agrees with the ISPs that Netflix is responsible for upgrading its connections.,NET_NEUTRAL,POSITIVE,Netflix
Response by COGENT Communications to BEREC 2012 public consultation on NetNeutrality (NN) which covered 3 BEREC draft documents namely:,NET_NEUTRAL,NEUTRAL,Cogent
The larger Internet ecosystem is far from united when it comes to the comprehensive NetNeutrality framework released in March by the FCC.,NET_NEUTRAL,NEUTRAL,
Colorado-based Level 3 and CompTel have moved to intervene in the NetNeutrality litigation in support of the FCC and United States of America.,NET_NEUTRAL,POSITIVE,Level3 CompTel
The regulations are set to take effect June 12 although cable and telecom interests last week asked a federal appeals court to block them.,NET_NEUTRAL,NEGATIVE,
The regulations prohibit certain behaviors including blocking lawful content and favoring certain Web traffic a practice commonly referred to as PaidPrioritization.,BLOCKING SHAPING,NEUTRAL,
Dave Schaeffer founder and CEO of Cogent expressed support for the NetNeutrality regulations and said his company planned to intervene in support of the FCC.,NET_NEUTRAL,POSITIVE,Cogent
He hopes to resolve those differences although Cogent may ultimately bring its grievances to the FCC under the NetNeutrality regulations if the commercial talks fail to yield fruit.,NET_NEUTRAL,NEUTRAL,Cogent
“Kickstarter would be disadvantaged if broadband Internet access carriers were permitted to block throttleor charge fees for traffic between Kickstarter and its users.”,BLOCKING SHAPING,NEGATIVE,
“CenturyLink invests hundreds of millions of dollars a year to build maintain and update an OpenInternet network and does not block or degrade lawful content.,BLOCKING SHAPING,NEGATIVE,CenturyLink
We are challenging the FCC’s misguided NetNeutrality order for these reasons and because we believe it could lead to higher prices and fewer choices for consumers.”,NET_NEUTRAL,NEGATIVE,
Sprint a CompTel member declined to comment on its NetNeutrality position.,NET_NEUTRAL,NEUTRAL,Sprint
"California's NetNeutrality law will cause ""significant lost revenues"" for Comcast the nation's largest cable company said in a court filing this month.",NET_NEUTRAL,NEGATIVE,Comcast
One week ago the news site TorrentFreak reported that The Pirate Bay and nearly 20 other torrent and pirate sites were being blocked by Cogent Communications an Internet backbone provider.,BLOCKING,POSITIVE,Cogent
The block had been in place for more than a week and...,BLOCKING,POSITIVE,
The FCC's NetNeutrality rules take effect Friday this week and they've already had a noticeable impact on the behavior of Internet service providers.,NET_NEUTRAL,NEUTRAL,
"Netflix today said it will continue to pay ""tolls"" to Internet service providers to guarantee a good experience for its customers but it called upon the FCC to create NetNeutrality rules that govern network...",NET_NEUTRAL,POSITIVE,Netflix
Its mission is to bring mobile voice/data broadband backhaul and pervasive IoT connectivity infrastructure in a neutral host model to rural and developing communities around the world.,NET_NEUTRAL,POSITIVE,
Advocates for a free Internet in New York and around the country have been holding hastily-called meetings to analyze a move by the FCC chairman that appears to threaten “NetNeutrality” by allowing some companies to offer higher speeds at higher prices.,FCC_REPEAL,NEGATIVE,
The Federal Trade Commission (FTC) has turned thumbs down on NetNeutrality.In a report on broadband availability and connectivity the FTC found little reason to protect consumers and content providers from attempts by large telecommunications providers to charge more for faster delivery.,NET_NEUTRAL,NEGATIVE,
The Federal Trade Commission (FTC) has turned thumbs down on NetNeutrality.,NET_NEUTRAL,NEGATIVE,
AT&T chairman and CEO Randall Stephenson has called on a politically-divided Congress to pass legislation supporting NetNeutrality arguing that certain...,NET_NEUTRAL,POSITIVE,AT&T
The future of NetNeutrality is as murky as the term’s actual meaning for most internet users but with potential changes on the horizon it’s a critical t...,NET_NEUTRAL,NEUTRAL,
Comcast's policy changes come in the wake of the FCC (FCC)'s ruling penalizing the company for its blocking access to the BitTorrent file-sharing service.,BLOCKING,POSITIVE,Comcast
"Media watchdog group Free Press which had pushed the FCC to rule against Comcast said that while the cap was a better solution than blocking customers' access ""t remains unclear how the cap announced today helps solve Comcast's supposed congestion problems -- or how the cap will work with other usage limits Comcast has been considering.""",SHAPING,POSITIVE,Comcast
A federal judicial panel has decided to give the FCC’s (FCC) repeal of NetNeutrality an appeals hearing.The U.S. Judicia...,FCC_REPEAL,NEUTRAL,
NetNeutrality is not one of those issues that makes consumers' blood boil although maybe it should.,NET_NEUTRAL,NEUTRAL,
fine by us cogent google google fiber firstlight fiber comptel lsn lightspeed networks TitleII NetNeutrality fcc investment thirty helens agree,NET_NEUTRAL,POSITIVE,Cogent Google FirstLight Comptel Lightspeed
(Rob Bruce)With only hours remaining in the countdown to tomorrow’s NetNeutrality vote everyone from Silicon Valley to Capitol Hill is getting their last words in.,NET_NEUTRAL,NEUTRAL,
Southern Telecom’s metro dark fiber service enables GigSouth to grow its network and increase broadband access to rural communities in Atlanta region  Southern Telecom Inc. (STI) a subsidiary of Southern Company has partnered with GigSouth a full service carrier-neutral fiber provider and engineering consultant for rural broadband development headquartered in Atlanta.,NET_NEUTRAL,POSITIVE,GigSouth
Acquisition of Backbone Datavault cements eStruxture’s position as a pan-Canadian colocation provider Since formally entering the Canadian data center market in 2017 eStruxture CEO Todd Coleman has worked tirelessly to establish the company as a pan-Canadian provider of hyperscale network and cloud-neutral data center solutions.,NET_NEUTRAL,POSITIVE,eStruxture
The cost goes up to reserve a block of addresses so having more static IP addresses than you need can be expensive!,NONE,NONE,
1) We do not play favorites and we will not throttle your speed.,BLOCKING,NEGATIVE,
We do not create “fast lanes” and “slow lanes” for users or services based on PaidPrioritization.,SHAPING,NEGATIVE,